,Sample_ID.x,sampleID,Index_Plate,Index_Plate_Well,I7_Index_ID,index,I5_Index_ID,index2,Sample_Project,PopID,station,Niskin,depth,drop.sample,field.negative.type,volume,Fluor,Zymo,date,year,month,day,transect,lat,lon,water.depth,bathy.bottom.depth,bottom.depth.consensus,utm.lon,utm.lat,transect.dist.km,control,depth_class,Balaenoptera_physalus_r1,Balaenoptera_physalus_r2,Balaenoptera_physalus_r3,Balaenoptera_physalus_r4,Balaenoptera_physalus_r5,Berardius_bairdii_r1,Berardius_bairdii_r2,Berardius_bairdii_r3,Berardius_bairdii_r4,Berardius_bairdii_r5,Grampus_griseus_r1,Grampus_griseus_r2,Grampus_griseus_r3,Grampus_griseus_r4,Grampus_griseus_r5,Lagenorhynchus_obliquidens_r1,Lagenorhynchus_obliquidens_r2,Lagenorhynchus_obliquidens_r3,Lagenorhynchus_obliquidens_r4,Lagenorhynchus_obliquidens_r5,Lissodelphis_borealis_r1,Lissodelphis_borealis_r2,Lissodelphis_borealis_r3,Lissodelphis_borealis_r4,Lissodelphis_borealis_r5,Megaptera_novaeangliae_r1,Megaptera_novaeangliae_r2,Megaptera_novaeangliae_r3,Megaptera_novaeangliae_r4,Megaptera_novaeangliae_r5,Orcinus_orca_r1,Orcinus_orca_r2,Orcinus_orca_r3,Orcinus_orca_r4,Orcinus_orca_r5,Phocoena_phocoena_r1,Phocoena_phocoena_r2,Phocoena_phocoena_r3,Phocoena_phocoena_r4,Phocoena_phocoena_r5,Phocoenoides_dalli_r1,Phocoenoides_dalli_r2,Phocoenoides_dalli_r3,Phocoenoides_dalli_r4,Phocoenoides_dalli_r5
1,DL-52193-1395-d5-1,52193-1395-d5,A,A01,UDP0001,GAACTGAGCG,UDP0001,TCGTGGAGCG,0,52193,73-1,sfc,0,,0,2.5,2.95404,0,8/8/19,2019,8,8,73,46.39774333,-124.2423267,53.35,57,53.35,872.4432529,1759.887852,0.737734687,no,surface (0 m),0,0,0,NA,NA,0,0,0,NA,NA,0,0,0,NA,NA,0,0,0,NA,NA,0,0,0,NA,NA,0,0,0,NA,NA,0,0,0,NA,NA,0,0,0,NA,NA,0,0,0,NA,NA
2,DL-52193-1397-d1-1,52193-1397-d1,A,B01,UDP0002,AGGTCAGATA,UDP0002,CTACAAGATA,0,52193,73-1,1,48,,0,2.5,0.16817,0,8/8/19,2019,8,8,73,46.39774333,-124.2423267,53.35,57,53.35,872.4432529,1759.887852,0.737734687,no,depth (50 m),0,0,0,NA,NA,0,0,0,NA,NA,0,0,0,NA,NA,0,0,0,NA,NA,0,0,0,NA,NA,0,0,0,NA,NA,0,0,0,NA,NA,0,0,0,NA,NA,0,0,0,NA,NA
3,DL-52193-1403-d5-1,52193-1403-d5,A,C01,UDP0003,CGTCTCATAT,UDP0003,TATAGTAGCT,0,52193,73-2,sfc,0,,0,2.5,0.57168,0,8/8/19,2019,8,8,73,46.39347,-124.5515067,149.01,162,149.01,848.4233843,1759.843184,23.04596352,no,surface (0 m),0,0,0,NA,NA,0,0,0,NA,NA,0,0,0,NA,NA,0,0,0,NA,NA,0,0,0,NA,NA,0,0,0,NA,NA,0,0,0,NA,NA,0,0,0,NA,NA,0,0,0,NA,NA
4,DL-52193-1409-d1-1,52193-1409-d1,A,D01,UDP0004,ATTCCATAAG,UDP0004,TGCCTGGTGG,0,52193,73-2,5,50,,0,2.5,0.16645,0,8/8/19,2019,8,8,73,46.39347,-124.5515067,149.01,162,149.01,848.4233843,1759.843184,23.04596352,no,depth (50 m),0,0,0,NA,NA,0,0,0,NA,NA,0,0,0,NA,NA,0,0,0,NA,NA,0,0,0,NA,NA,0,0,0,NA,NA,0,0,0,NA,NA,0,0,0,NA,NA,0,0,0,NA,NA
5,DL-52193-1423-d1-1,52193-1423-d1,A,E01,UDP0005,GACGAGATTA,UDP0005,ACATTATCCT,0,52193,73-5,sfc,0,,0,2.5,0.2459,0,8/8/19,2019,8,8,73,46.39761,-124.7151167,1244.96,1273,1244.96,835.7301387,1760.553614,35.62282682,no,surface (0 m),0,0,0,NA,NA,0,0,0,NA,NA,0,0,0,NA,NA,0,0,0,NA,NA,0,0,0,NA,NA,0,0,0,NA,NA,0,0,0,NA,NA,0,0,0,NA,NA,0,0,0,NA,NA
6,DL-52193-1433-d1-1,52193-1433-d1,A,F01,UDP0006,AACATCGCGC,UDP0006,GTCCACTTGT,0,52193,73-5,9,50,,0,2.5,3.54821,0,8/8/19,2019,8,8,73,46.39761,-124.7151167,1244.96,1273,1244.96,835.7301387,1760.553614,35.62282682,no,depth (50 m),0,0,0,NA,NA,0,0,0,NA,NA,0,0,0,NA,NA,0,0,0,NA,NA,0,0,0,NA,NA,0,0,0,NA,NA,0,0,0,NA,NA,0,0,0,NA,NA,0,0,0,NA,NA
7,DL-52193-1436-d1-1,52193-1436-d1,A,G01,UDP0007,CTAGTGCTCT,UDP0007,TGGAACAGTA,0,52193,73-6,sfc,0,,0,2.5,0.12922,0,8/8/19,2019,8,8,73,46.398595,-124.8364483,501.33,1318,1318,826.3124012,1760.864234,44.95365745,no,surface (0 m),0,0,0,NA,NA,0,0,0,NA,NA,0,0,0,NA,NA,0,0,0,NA,NA,0,0,0,NA,NA,0,0,0,NA,NA,0,0,0,NA,NA,0,0,0,NA,NA,0,0,0,NA,NA
8,DL-52193-1445-d1-1,52193-1445-d1,A,H01,UDP0008,GATCAAGGCA,UDP0008,CCTTGTTAAT,0,52193,73-6,9,50,,0,2.5,0.54436,0,8/8/19,2019,8,8,73,46.398595,-124.8364483,501.33,1318,1318,826.3124012,1760.864234,44.95365745,no,depth (50 m),0,0,0,NA,NA,0,0,0,NA,NA,0,0,0,NA,NA,0,0,0,NA,NA,0,0,0,NA,NA,0,0,0,NA,NA,0,0,0,NA,NA,0,0,0,NA,NA,0,0,0,NA,NA
9,DL-52193-1447-d5-1,52193-1447-d5,A,A02,UDP0009,GACTGAGTAG,UDP0009,GTTGATAGTG,0,52193,73-7,sfc,0,,0,2.5,0.08952,0,8/8/19,2019,8,8,73,46.39949833,-124.95556,1117.43,1154,1117.43,817.0675011,1761.173132,54.11376203,no,surface (0 m),0,0,0,NA,NA,0,0,0,NA,NA,0,0,0,NA,NA,0,0,0,NA,NA,0,0,0,NA,NA,0,0,0,NA,NA,0,0,0,NA,NA,0,0,0,NA,NA,0,0,0,NA,NA
10,DL-52193-1457-d5-1,52193-1457-d5,A,B02,UDP0010,AGTCAGACGA,UDP0010,ACCAGCGACA,0,52193,73-7,9,50,,0,2.5,0.75141,0,8/8/19,2019,8,8,73,46.39949833,-124.95556,1117.43,1154,1117.43,817.0675011,1761.173132,54.11376203,no,depth (50 m),0,0,0,NA,NA,0,0,0,NA,NA,0,0,0,NA,NA,0,0,0,NA,NA,0,0,0,NA,NA,0,0,0,NA,NA,0,0,0,NA,NA,0,0,0,NA,NA,0,0,0,NA,NA
11,DL-52193-1460-d1-1,52193-1460-d1,A,C02,UDP0011,CCGTATGTTC,UDP0011,CATACACTGT,0,52193,75-7,sfc,0,,0,2.5,0.21813,0,8/9/19,2019,8,9,75,46.73064167,-125.2485817,919.89,1049,919.89,795.4830813,1798.164803,74.617222,no,surface (0 m),0,0,0,NA,NA,0,0,0,NA,NA,0,0,0,NA,NA,0,0,0,NA,NA,0,0,0,NA,NA,0,0,0,NA,NA,0,0,0,NA,NA,0,0,0,NA,NA,0,0,0,NA,NA
12,DL-52193-1470-d1-1,52193-1470-d1,A,D02,UDP0012,GAGTCATAGG,UDP0012,GTGTGGCGCT,0,52193,75-7,9,50,,0,2.5,0.83199,0,8/9/19,2019,8,9,75,46.73064167,-125.2485817,919.89,1049,919.89,795.4830813,1798.164803,74.617222,no,depth (50 m),0,0,0,NA,NA,0,0,733,NA,NA,476,0,0,NA,NA,525,0,152,NA,NA,0,0,0,NA,NA,0,0,0,NA,NA,0,0,0,NA,NA,0,0,0,NA,NA,0,0,0,NA,NA
13,DL-52193-1472-d1-1,52193-1472-d1,A,E02,UDP0013,CTTGCCATTA,UDP0013,ATCACGAAGG,0,52193,75-6,sfc,0,,0,2.5,0.24443,0,8/9/19,2019,8,9,75,46.73109667,-125.127575,870.6,981,870.6,804.8250533,1797.975771,65.36773986,no,surface (0 m),0,0,0,NA,NA,0,0,0,NA,NA,0,0,0,NA,NA,0,0,0,NA,NA,0,0,0,NA,NA,0,0,0,NA,NA,0,0,0,NA,NA,0,0,0,NA,NA,0,0,0,NA,NA
14,DL-52193-1472-d5-1,52193-1472-d5,A,F02,UDP0014,GAAGCGGCAC,UDP0014,CGGCTCTACT,0,52193,75-6,sfc,0,,0,2.5,0.24443,0,8/9/19,2019,8,9,75,46.73109667,-125.127575,870.6,981,870.6,804.8250533,1797.975771,65.36773986,no,surface (0 m),0,0,0,NA,NA,0,0,0,NA,NA,0,0,0,NA,NA,0,0,0,NA,NA,0,0,0,NA,NA,0,0,0,NA,NA,0,0,0,NA,NA,0,0,0,NA,NA,0,0,0,NA,NA
15,DL-52193-1482-d1-1,52193-1482-d1,A,G02,UDP0015,TCCATTGCCG,UDP0015,GAATGCACGA,0,52193,75-6,9,50,,0,2.5,0.44886,0,8/9/19,2019,8,9,75,46.73109667,-125.127575,870.6,981,870.6,804.8250533,1797.975771,65.36773986,no,depth (50 m),0,0,0,NA,NA,0,0,0,NA,NA,0,0,0,NA,NA,0,0,0,NA,NA,0,0,0,NA,NA,0,0,0,NA,NA,0,0,0,NA,NA,0,0,0,NA,NA,0,0,0,NA,NA
16,DL-52193-1485-d1-1,52193-1485-d1,A,H02,UDP0016,CGGTTACGGC,UDP0016,AAGACTATAG,0,52193,75-5,sfc,0,,0,2.5,0.3467,0,8/9/19,2019,8,9,75,46.73121333,-125.0062883,660.29,814,660.29,814.1878864,1797.760189,56.09717957,no,surface (0 m),0,0,0,NA,NA,0,0,0,NA,NA,0,0,0,NA,NA,0,0,0,NA,NA,0,0,0,NA,NA,0,0,0,NA,NA,0,0,0,NA,NA,0,0,0,NA,NA,0,0,0,NA,NA
17,DL-52193-1485-d5-1,52193-1485-d5,A,A03,UDP0017,GAGAATGGTT,UDP0017,TCGGCAGCAA,0,52193,75-5,sfc,0,,0,2.5,0.3467,0,8/9/19,2019,8,9,75,46.73121333,-125.0062883,660.29,814,660.29,814.1878864,1797.760189,56.09717957,no,surface (0 m),0,0,0,NA,NA,0,0,0,NA,NA,0,0,0,NA,NA,10013,0,0,NA,NA,0,0,0,NA,NA,0,0,0,NA,NA,0,0,0,NA,NA,0,0,0,NA,NA,0,0,0,NA,NA
18,DL-52193-1495-d1-1,52193-1495-d1,A,B03,UDP0018,AGAGGCAACC,UDP0018,CTAATGATGG,0,52193,75-5,9,50,,0,2.5,0.50273,0,8/9/19,2019,8,9,75,46.73121333,-125.0062883,660.29,814,660.29,814.1878864,1797.760189,56.09717957,no,depth (50 m),0,0,0,NA,NA,0,0,0,NA,NA,0,0,0,NA,NA,0,0,0,NA,NA,0,0,0,NA,NA,0,0,0,NA,NA,0,0,0,NA,NA,0,0,0,NA,NA,0,0,0,NA,NA
19,DL-52193-1510-d5-1,52193-1510-d5,A,D03,UDP0020,GATAGGCCGA,UDP0020,CGCACATGGC,0,52193,75-3,sfc,0,,0,2.5,0.67408,0,8/9/19,2019,8,9,75,46.73027167,-124.8444367,330.82,384,330.82,826.6795421,1797.369287,43.72704525,no,surface (0 m),0,0,0,NA,NA,0,0,0,NA,NA,0,0,0,NA,NA,0,0,0,NA,NA,0,0,0,NA,NA,0,0,0,NA,NA,0,0,0,NA,NA,0,0,0,NA,NA,0,0,0,NA,NA
20,DL-52193-1510-d1-1,52193-1510-d1,A,C03,UDP0019,CCATCATTAG,UDP0019,GGTTGCCTCT,0,52193,75-3,sfc,0,,0,2.5,0.67408,0,8/9/19,2019,8,9,75,46.73027167,-124.8444367,330.82,384,330.82,826.6795421,1797.369287,43.72704525,no,surface (0 m),0,0,0,NA,NA,0,0,0,NA,NA,0,0,0,NA,NA,0,0,0,NA,NA,0,0,0,NA,NA,0,0,0,NA,NA,0,0,0,NA,NA,0,0,0,NA,NA,0,0,0,NA,NA
21,DL-52193-1517-d1-1,52193-1517-d1,A,E03,UDP0021,ATGGTTGACT,UDP0021,GGCCTGTCCT,0,52193,75-3,7,50,,0,2.5,0.21042,0,8/9/19,2019,8,9,75,46.73027167,-124.8444367,330.82,384,330.82,826.6795421,1797.369287,43.72704525,no,depth (50 m),0,0,0,NA,NA,0,0,0,NA,NA,0,0,0,NA,NA,0,0,0,NA,NA,0,0,0,NA,NA,0,0,29,NA,NA,0,0,0,NA,NA,0,0,0,NA,NA,0,0,0,NA,NA
22,DL-52193-1519-d5-1,52193-1519-d5,A,F03,UDP0022,TATTGCGCTC,UDP0022,CTGTGTTAGG,0,52193,75-2,sfc,0,,0,2.5,1.07599,0,8/9/19,2019,8,9,75,46.72985,-124.7129383,155.39,158,155.39,836.8303605,1797.104189,33.67665939,no,surface (0 m),0,0,0,NA,NA,0,0,0,NA,NA,0,0,0,NA,NA,0,0,0,NA,NA,0,0,0,NA,NA,0,67,0,NA,NA,0,0,0,NA,NA,0,0,0,NA,NA,0,0,0,NA,NA
23,DL-52193-1525-d1-1,52193-1525-d1,A,G03,UDP0023,ACGCCTTGTT,UDP0023,TAAGGAACGT,0,52193,75-2,5,50,,0,2.5,0.09231,0,8/9/19,2019,8,9,75,46.72985,-124.7129383,155.39,158,155.39,836.8303605,1797.104189,33.67665939,no,depth (50 m),0,0,0,0,0,0,0,0,0,0,0,0,0,0,0,0,0,0,0,0,0,0,0,0,0,500,930,506,154,778,0,0,0,0,0,0,0,0,0,0,0,0,0,0,0
24,DL-52193-1528-d5-1,52193-1528-d5,A,H03,UDP0024,TTCTACATAC,UDP0024,CTAACTGTAA,0,52193,75-1,sfc,0,,0,2.5,1.16117,0,8/9/19,2019,8,9,75,46.73069833,-124.2712383,50.73,56,50.73,870.9361195,1796.559499,0.239975769,no,surface (0 m),0,0,0,NA,NA,0,0,0,NA,NA,0,0,0,NA,NA,0,0,0,NA,NA,0,0,0,NA,NA,291,0,49,NA,NA,0,0,0,NA,NA,0,0,0,NA,NA,0,0,0,NA,NA
25,DL-52193-1530-d1-1,52193-1530-d1,A,A04,UDP0025,AACCATAGAA,UDP0025,GGCGAGATGG,0,52193,75-1,1,40,,0,2.5,0.14209,0,8/9/19,2019,8,9,75,46.73069833,-124.2712383,50.73,56,50.73,870.9361195,1796.559499,0.239975769,no,depth (50 m),0,0,0,NA,NA,0,0,0,NA,NA,0,0,0,NA,NA,0,0,0,NA,NA,0,0,0,NA,NA,0,0,0,NA,NA,0,0,0,NA,NA,0,0,0,NA,NA,0,0,0,NA,NA
26,DL-52193-1536-d1-1,52193-1536-d1,A,B04,UDP0026,GGTTGCGAGG,UDP0026,AATAGAGCAA,0,52193,77-1,sfc,0,,0,2.5,1.0549,0,8/10/19,2019,8,10,77,47.063255,-124.396465,53.05,51,53.05,862.0635763,1833.302501,0.219336407,no,surface (0 m),0,0,0,NA,NA,0,0,0,NA,NA,0,0,0,NA,NA,0,0,0,NA,NA,0,0,0,NA,NA,0,0,0,NA,NA,0,0,0,NA,NA,0,0,0,NA,NA,0,0,0,NA,NA
27,DL-52193-1536-d5-1,52193-1536-d5,A,C04,UDP0027,TAAGCATCCA,UDP0027,TCAATCCATT,0,52193,77-1,sfc,0,,0,2.5,1.0549,0,8/10/19,2019,8,10,77,47.063255,-124.396465,53.05,51,53.05,862.0635763,1833.302501,0.219336407,no,surface (0 m),0,0,0,NA,NA,0,0,0,NA,NA,0,0,0,NA,NA,0,0,0,NA,NA,0,0,0,NA,NA,0,0,0,NA,NA,0,0,0,NA,NA,0,0,0,NA,NA,0,0,0,NA,NA
28,DL-52193-1538-d1-1,52193-1538-d1,A,D04,UDP0028,ACCACGACAT,UDP0028,TCGTATGCGG,0,52193,77-1,2,50,,0,2.5,0.07568,0,8/10/19,2019,8,10,77,47.063255,-124.396465,53.05,51,53.05,862.0635763,1833.302501,0.219336407,no,depth (50 m),0,0,0,NA,NA,0,0,0,NA,NA,0,0,0,NA,NA,0,0,0,NA,NA,0,0,0,NA,NA,0,0,0,NA,NA,0,0,0,NA,NA,0,0,0,NA,NA,0,0,0,NA,NA
29,DL-52193-1542-d1-1,52193-1542-d1,A,E04,UDP0029,GCCGCACTCT,UDP0029,TCCGACCTCG,0,52193,77-2,sfc,0,,0,2.5,2.23106,0,8/10/19,2019,8,10,77,47.06391667,-124.8705967,153.87,158,153.87,825.6701116,1834.108731,36.07156059,no,surface (0 m),0,0,0,NA,NA,0,0,0,NA,NA,0,0,0,NA,NA,0,0,0,NA,NA,0,0,0,NA,NA,0,0,0,NA,NA,0,0,0,NA,NA,0,0,0,NA,NA,0,0,0,NA,NA
30,DL-52193-1542-d5-1,52193-1542-d5,A,F04,UDP0030,CCACCAGGCA,UDP0030,CTTATGGAAT,0,52193,77-2,sfc,0,,0,2.5,2.23106,0,8/10/19,2019,8,10,77,47.06391667,-124.8705967,153.87,158,153.87,825.6701116,1834.108731,36.07156059,no,surface (0 m),0,0,0,NA,NA,0,0,0,NA,NA,0,0,0,NA,NA,0,0,0,NA,NA,0,0,0,NA,NA,3444,35,0,NA,NA,0,0,0,NA,NA,0,0,0,NA,NA,1692,249,78,NA,NA
31,DL-52193-1547-d1-1,52193-1547-d1,A,G04,UDP0031,GTGACACGCA,UDP0031,GCTTACGGAC,0,52193,77-2,5,50,,0,2.5,0.16916,0,8/10/19,2019,8,10,77,47.06391667,-124.8705967,153.87,158,153.87,825.6701116,1834.108731,36.07156059,no,depth (50 m),0,0,0,NA,NA,0,0,0,NA,NA,0,0,0,NA,NA,0,0,0,NA,NA,0,0,0,NA,NA,0,0,0,NA,NA,0,0,0,NA,NA,0,0,0,NA,NA,0,0,0,NA,NA
32,DL-52193-1561-d5-1,52193-1561-d5,A,A05,UDP0033,TGATTATACG,UDP0033,GTCGATTACA,0,52193,77-5,sfc,0,,0,2.5,0.26238,0,8/10/19,2019,8,10,77,47.06470333,-125.0875867,1422.43,1262,1422.43,809.0183555,1834.587947,52.55432275,no,surface (0 m),0,0,0,NA,NA,0,0,0,NA,NA,0,362,0,NA,NA,17899,528,0,NA,NA,2721,0,0,NA,NA,0,0,0,NA,NA,0,0,0,NA,NA,0,0,0,NA,NA,0,0,0,NA,NA
33,DL-52193-1561-d1-1,52193-1561-d1,A,H04,UDP0032,ACAGTGTATG,UDP0032,GAACATACGG,0,52193,77-5,sfc,0,,0,2.5,0.26238,0,8/10/19,2019,8,10,77,47.06470333,-125.0875867,1422.43,1262,1422.43,809.0183555,1834.587947,52.55432275,no,surface (0 m),0,0,0,NA,NA,0,0,0,NA,NA,0,0,0,NA,NA,0,0,0,NA,NA,0,0,0,NA,NA,0,0,0,NA,NA,0,0,0,NA,NA,0,0,0,NA,NA,0,0,0,NA,NA
34,DL-52193-1571-d1-1,52193-1571-d1,A,B05,UDP0034,CAGCCGCGTA,UDP0034,ACTAGCCGTG,0,52193,77-5,9,50,30EtOH,0,2.5,0.50884,0,8/10/19,2019,8,10,77,47.06470333,-125.0875867,1422.43,1262,1422.43,809.0183555,1834.587947,52.55432275,no,depth (50 m),0,0,0,NA,NA,0,0,0,NA,NA,0,0,0,NA,NA,0,0,0,NA,NA,0,0,0,NA,NA,122,0,15,NA,NA,0,0,0,NA,NA,0,0,0,NA,NA,0,0,0,NA,NA
35,DL-52193-1573-d1-1,52193-1573-d1,A,C05,UDP0035,GGTAACTCGC,UDP0035,AAGTTGGTGA,0,52193,77-6,sfc,0,,0,2.5,0.16848,0,8/10/19,2019,8,10,77,47.06442,-125.2157667,484.9,1617,1617,799.1801524,1834.805606,62.29144434,no,surface (0 m),0,0,0,NA,NA,0,0,0,NA,NA,0,0,0,NA,NA,0,0,0,NA,NA,0,0,0,NA,NA,0,0,0,NA,NA,0,0,0,NA,NA,0,0,0,NA,NA,0,0,0,NA,NA
36,DL-52193-1583-d1-1,52193-1583-d1,A,D05,UDP0036,ACCGGCCGTA,UDP0036,TGGCAATATT,0,52193,77-6,9,50,,0,2.5,0.5998,0,8/10/19,2019,8,10,77,47.06442,-125.2157667,484.9,1617,1617,799.1801524,1834.805606,62.29144434,no,depth (50 m),0,0,0,NA,NA,0,0,0,NA,NA,0,0,0,NA,NA,0,0,0,NA,NA,0,0,0,NA,NA,0,0,0,NA,NA,0,0,0,NA,NA,0,0,0,NA,NA,0,0,0,NA,NA
37,DL-52193-1585-d1-1,52193-1585-d1,A,E05,UDP0037,TGTAATCGAC,UDP0037,GATCACCGCG,0,52193,79-8,sfc,0,30EtOH,0,2.5,0.28154,0,8/11/19,2019,8,11,79,47.39716667,-125.3096067,1445.6,1425,1445.6,793.1872198,1871.574569,58.8924573,no,surface (0 m),0,0,0,NA,NA,0,0,0,NA,NA,0,0,0,NA,NA,0,0,1411,NA,NA,0,0,667,NA,NA,0,0,0,NA,NA,0,0,0,NA,NA,0,0,0,NA,NA,0,0,0,NA,NA
38,DL-52193-1595-d1-1,52193-1595-d1,A,F05,UDP0038,GTGCAGACAG,UDP0038,TACCATCCGT,0,52193,79-8,9,50,30EtOH,0,2.5,0.73898,0,8/11/19,2019,8,11,79,47.39716667,-125.3096067,1445.6,1425,1445.6,793.1872198,1871.574569,58.8924573,no,depth (50 m),0,0,0,NA,NA,0,0,0,NA,NA,0,0,0,NA,NA,0,0,0,NA,NA,0,0,0,NA,NA,0,0,0,NA,NA,0,0,0,NA,NA,0,0,0,NA,NA,0,0,0,NA,NA
39,DL-52193-1598-d1-1,52193-1598-d1,A,G05,UDP0039,CAATCGGCTG,UDP0039,GCTGTAGGAA,0,52193,79-7,sfc,0,30EtOH,0,2.5,0.1009,0,8/11/19,2019,8,11,79,47.39715333,-125.1886517,699.6,893,699.6,802.4156101,1871.33022,49.77844176,no,surface (0 m),1207,0,69,NA,NA,0,0,0,NA,NA,0,0,0,NA,NA,0,0,0,NA,NA,0,0,0,NA,NA,0,0,0,NA,NA,0,0,0,NA,NA,0,0,0,NA,NA,0,0,0,NA,NA
40,DL-52193-1607-d1-1,52193-1607-d1,A,H05,UDP0040,TATGTAGTCA,UDP0040,CGCACTAATG,0,52193,79-7,9,50,30EtOH,0,2.5,0.25999,0,8/11/19,2019,8,11,79,47.39715333,-125.1886517,699.6,893,699.6,802.4156101,1871.33022,49.77844176,no,depth (50 m),0,0,0,NA,NA,0,0,0,NA,NA,0,0,0,NA,NA,0,0,0,NA,NA,0,0,0,NA,NA,0,0,0,NA,NA,0,0,0,NA,NA,0,0,0,NA,NA,0,0,0,NA,NA
41,DL-52193-1611-d1-1,52193-1611-d1,A,A06,UDP0041,ACTCGGCAAT,UDP0041,GACAACTGAA,0,52193,79-6,sfc,0,30EtOH,0,2.5,0.22754,0,8/11/19,2019,8,11,79,47.39686,-125.065295,1261.53,1404,1261.53,811.8268158,1871.061694,40.4926014,no,surface (0 m),0,0,0,NA,NA,0,0,0,NA,NA,0,0,0,NA,NA,0,0,0,NA,NA,0,0,0,NA,NA,0,0,0,NA,NA,0,0,0,NA,NA,0,0,0,NA,NA,0,0,0,NA,NA
42,DL-52193-1621-d1-1,52193-1621-d1,A,B06,UDP0042,GTCTAATGGC,UDP0042,AGTGGTCAGG,0,52193,79-6,9,50,30EtOH,0,2.5,0.56756,0,8/11/19,2019,8,11,79,47.39686,-125.065295,1261.53,1404,1261.53,811.8268158,1871.061694,40.4926014,no,depth (50 m),0,0,0,NA,NA,0,0,0,NA,NA,0,0,0,NA,NA,0,0,0,NA,NA,0,0,0,NA,NA,0,0,0,NA,NA,0,0,0,NA,NA,0,0,0,NA,NA,0,0,0,NA,NA
43,DL-52193-1623-d1-1,52193-1623-d1,A,C06,UDP0043,CCATCTCGCC,UDP0043,TTCTATGGTT,0,52193,79-5,sfc,0,30EtOH,0,2.5,0.59856,0,8/11/19,2019,8,11,79,47.39754333,-124.9416717,1130.45,1267,1130.45,821.262022,1870.911579,31.18998644,no,surface (0 m),0,0,0,NA,NA,0,0,0,NA,NA,0,0,0,NA,NA,0,0,0,NA,NA,0,0,0,NA,NA,0,0,0,NA,NA,0,0,0,NA,NA,0,0,0,NA,NA,0,0,0,NA,NA
44,DL-52193-1633-d1-1,52193-1633-d1,A,D06,UDP0044,CTGCGAGCCA,UDP0044,AATCCGGCCA,0,52193,79-5,9,50,30EtOH,0,2.5,0.16339,0,8/11/19,2019,8,11,79,47.39754333,-124.9416717,1130.45,1267,1130.45,821.262022,1870.911579,31.18998644,no,depth (50 m),0,0,0,NA,NA,0,0,0,NA,NA,0,0,0,NA,NA,0,0,0,NA,NA,0,0,0,NA,NA,0,0,0,NA,NA,0,0,0,NA,NA,0,0,0,NA,NA,0,0,0,NA,NA
45,DL-52193-1647-d1-1,52193-1647-d1,A,E06,UDP0045,CGTTATTCTA,UDP0045,CCATAAGGTT,0,52193,79-2,sfc,0,30EtOH,0,2.5,0.26455,0,8/11/19,2019,8,11,79,47.397645,-124.7738783,144.85,209,144.85,834.0663338,1870.635591,18.62307851,no,surface (0 m),0,0,0,NA,NA,0,0,0,NA,NA,0,0,0,NA,NA,0,0,0,NA,NA,0,0,0,NA,NA,0,0,0,NA,NA,0,0,0,NA,NA,0,0,0,NA,NA,0,0,0,NA,NA
46,DL-52193-1653-d1-1,52193-1653-d1,A,F06,UDP0046,AGATCCATTA,UDP0046,ATCTCTACCA,0,52193,79-2,5,50,30EtOH,0,2.5,0.07585,0,8/11/19,2019,8,11,79,47.397645,-124.7738783,144.85,209,144.85,834.0663338,1870.635591,18.62307851,no,depth (50 m),0,0,0,NA,NA,0,0,0,NA,NA,0,0,0,NA,NA,0,0,0,NA,NA,0,0,0,NA,NA,0,0,0,NA,NA,0,0,0,NA,NA,0,0,0,NA,NA,0,0,0,NA,NA
47,DL-52193-1655-d1-1,52193-1655-d1,A,G06,UDP0047,GTCCTGGATA,UDP0047,CGGTGGCGAA,0,52193,79-1,sfc,0,30EtOH,0,2.5,1.31408,0,8/11/19,2019,8,11,79,47.39836167,-124.53967,52.26,57,52.26,851.9414959,1870.349228,2.990634787,no,surface (0 m),0,0,0,NA,NA,0,0,0,NA,NA,0,0,0,NA,NA,0,0,0,NA,NA,0,0,0,NA,NA,0,0,0,NA,NA,0,0,0,NA,NA,0,0,0,NA,NA,0,0,0,NA,NA
48,DL-52193-1657-d1-1,52193-1657-d1,A,H06,UDP0048,CAGTGGCACT,UDP0048,TAACAATAGG,0,52193,79-1,1,47,30EtOH,0,2.5,0.3094,0,8/11/19,2019,8,11,79,47.39836167,-124.53967,52.26,57,52.26,851.9414959,1870.349228,2.990634787,no,depth (50 m),0,0,0,NA,NA,0,0,0,NA,NA,0,0,0,NA,NA,0,0,0,NA,NA,0,0,0,NA,NA,0,0,0,NA,NA,0,0,0,NA,NA,0,0,0,NA,NA,0,0,0,NA,NA
49,DL-52193-1662-d5-1,52193-1662-d5,A,B07,UDP0050,GACACCATGT,UDP0050,TCAACGTGTA,0,52193,80-1,sfc,0,30EtOH,0,2.5,4.75626,0,8/12/19,2019,8,12,80,47.56339333,-124.6017267,52.51,53,52.51,847.6502049,1888.580945,0.718721198,no,surface (0 m),0,0,0,NA,NA,0,0,0,NA,NA,0,0,0,NA,NA,0,0,0,NA,NA,0,0,0,NA,NA,0,0,0,NA,NA,0,0,0,NA,NA,0,0,0,NA,NA,0,0,0,NA,NA
50,DL-52193-1662-d1-1,52193-1662-d1,A,A07,UDP0049,AGTGTTGCAC,UDP0049,CTGGTACACG,0,52193,80-1,sfc,0,30EtOH,0,2.5,4.75626,0,8/12/19,2019,8,12,80,47.56339333,-124.6017267,52.51,53,52.51,847.6502049,1888.580945,0.718721198,no,surface (0 m),0,0,0,NA,NA,0,0,0,NA,NA,0,0,0,NA,NA,0,0,0,NA,NA,0,0,0,NA,NA,0,0,0,NA,NA,0,0,0,NA,NA,0,0,0,NA,NA,0,0,0,NA,NA
51,DL-52193-1664-d1-1,52193-1664-d1,A,C07,UDP0051,CCTGTCTGTC,UDP0051,ACTGTTGTGA,0,52193,80-1,1,50,30EtOH,0,2.5,0.201,0,8/12/19,2019,8,12,80,47.56339333,-124.6017267,52.51,53,52.51,847.6502049,1888.580945,0.718721198,no,depth (50 m),0,0,0,NA,NA,0,0,0,NA,NA,0,0,0,NA,NA,0,0,0,NA,NA,0,0,0,NA,NA,0,0,0,NA,NA,0,0,0,NA,NA,0,0,0,NA,NA,0,0,0,NA,NA
52,DL-52193-1671-d1-1,52193-1671-d1,A,D07,UDP0052,TGATGTAAGA,UDP0052,GTGCGTCCTT,0,52193,80-2,sfc,0,30EtOH,0,2.5,0.53055,0,8/12/19,2019,8,12,80,47.56339,-124.9717983,183.94,186,183.94,819.492537,1889.192893,27.16062419,no,surface (0 m),0,0,0,NA,NA,0,0,0,NA,NA,0,0,0,NA,NA,0,0,0,NA,NA,0,0,0,NA,NA,0,0,0,NA,NA,0,0,0,NA,NA,0,0,0,NA,NA,0,0,0,NA,NA
53,DL-52193-1678-d1-1,52193-1678-d1,A,E07,UDP0053,GGAATTGTAA,UDP0053,AGCACATCCT,0,52193,80-2,7,50,30EtOH,0,2.5,0.36686,0,8/12/19,2019,8,12,80,47.56339,-124.9717983,183.94,186,183.94,819.492537,1889.192893,27.16062419,no,depth (50 m),0,0,0,NA,NA,0,0,0,NA,NA,0,0,0,NA,NA,0,0,0,NA,NA,14913,0,0,NA,NA,0,0,0,NA,NA,0,0,0,NA,NA,0,0,0,NA,NA,0,0,0,NA,NA
54,DL-52193-1680-d1-1,52193-1680-d1,A,F07,UDP0054,GCATAAGCTT,UDP0054,TTCCGTCGCA,0,52193,80-3,sfc,0,30EtOH,0,2.5,0.25478,0,8/12/19,2019,8,12,80,47.56287,-125.3432067,907.24,948,907.24,791.2354385,1889.85446,55.10960144,no,surface (0 m),0,0,0,NA,NA,0,0,0,NA,NA,0,0,0,NA,NA,0,0,0,NA,NA,0,0,0,NA,NA,0,0,0,NA,NA,0,0,0,NA,NA,0,0,0,NA,NA,0,0,0,NA,NA
55,DL-52193-1690-d1-1,52193-1690-d1,A,G07,UDP0055,CTGAGGAATA,UDP0055,CTTAACCACT,0,52193,80-3,9,50,30EtOH,0,2.5,0.53167,0,8/12/19,2019,8,12,80,47.56287,-125.3432067,907.24,948,907.24,791.2354385,1889.85446,55.10960144,no,depth (50 m),0,0,0,NA,NA,0,0,0,NA,NA,0,0,0,NA,NA,0,0,0,NA,NA,0,0,0,NA,NA,0,0,0,NA,NA,0,0,0,NA,NA,0,0,0,NA,NA,0,0,0,NA,NA
56,DL-52193-1694-d1-1,52193-1694-d1,A,H07,UDP0056,AACGCACGAG,UDP0056,GCCTCGGATA,0,52193,78-MT506,sfc,0,30EtOH,0,2.5,0,0,8/13/19,2019,8,13,78,47.230795,-124.907885,583.43,359,583.43,823.3236326,1852.521738,33.32973484,no,surface (0 m),0,0,0,NA,NA,0,0,0,NA,NA,0,0,0,NA,NA,0,0,0,NA,NA,0,0,0,NA,NA,0,0,0,NA,NA,0,0,0,NA,NA,0,0,0,NA,NA,0,0,0,NA,NA
57,DL-52193-1704-d1-1,52193-1704-d1,A,A08,UDP0057,TCTATCCTAA,UDP0057,CGTCGACTGG,0,52193,78-MT506,9,50,30EtOH,0,2.5,0,0,8/13/19,2019,8,13,78,47.230795,-124.907885,583.43,359,583.43,823.3236326,1852.521738,33.32973484,no,depth (50 m),0,0,0,NA,NA,0,0,0,NA,NA,0,0,1434,NA,NA,0,0,0,NA,NA,0,0,0,NA,NA,0,0,0,NA,NA,0,0,0,NA,NA,0,0,0,NA,NA,0,0,0,NA,NA
58,DL-52193-1706-d1-1,52193-1706-d1,A,B08,UDP0058,CTCGCTTCGG,UDP0058,TACTAGTCAA,0,52193,77-MT505,sfc,0,30EtOH,0,2.5,0,0,8/13/19,2019,8,13,77,47.06359167,-124.96781,637.94,660,637.94,818.2076073,1834.244507,43.45648516,no,surface (0 m),0,0,0,NA,NA,0,0,0,NA,NA,0,0,0,NA,NA,0,0,0,NA,NA,0,0,0,NA,NA,0,0,0,NA,NA,0,0,0,NA,NA,0,0,0,NA,NA,0,0,0,NA,NA
59,DL-52193-1716-d1-1,52193-1716-d1,A,C08,UDP0059,CTGTTGGTCC,UDP0059,ATAGACCGTT,0,52193,77-MT505,10,50,30EtOH,0,2.5,0,0,8/13/19,2019,8,13,77,47.06359167,-124.96781,637.94,660,637.94,818.2076073,1834.244507,43.45648516,no,depth (50 m),0,0,0,NA,NA,0,0,0,NA,NA,0,0,0,NA,NA,0,0,0,NA,NA,0,0,0,NA,NA,0,0,0,NA,NA,0,0,0,NA,NA,0,0,0,NA,NA,0,0,0,NA,NA
60,DL-52193-1721-d1-1,52193-1721-d1,A,D08,UDP0060,TTACCTGGAA,UDP0060,ACAGTTCCAG,0,52193,81-1,1,48,,0,2.5,0.32619,0,8/14/19,2019,8,14,81,47.72953333,-124.680385,53.73,53,53.73,842.1313497,1906.959529,0.372965325,no,depth (50 m),0,0,0,NA,NA,0,0,0,NA,NA,0,0,0,NA,NA,0,0,0,NA,NA,0,0,0,NA,NA,0,0,0,NA,NA,0,0,0,NA,NA,0,0,0,NA,NA,0,0,0,NA,NA
61,DL-52193-1725-d1-1,52193-1725-d1,A,E08,UDP0061,TGGCTAATCA,UDP0061,AGGCATGTAG,0,52193,81-1,5,3,,0,2.5,3.54017,0,8/14/19,2019,8,14,81,47.72953333,-124.680385,53.73,53,53.73,842.1313497,1906.959529,0.372965325,no,surface (0 m),0,0,0,NA,NA,0,0,0,NA,NA,0,0,0,NA,NA,0,0,0,NA,NA,0,0,0,NA,NA,0,0,0,NA,NA,0,0,0,NA,NA,0,0,0,NA,NA,0,0,0,NA,NA
62,DL-52193-1728-d1-1,52193-1728-d1,A,F08,UDP0062,AACACTGTTA,UDP0062,GCAAGTCTCA,0,52193,81-2,sfc,0,30EtOH,0,2.5,0.21593,0,8/14/19,2019,8,14,81,47.730645,-125.023395,155.82,159,155.82,816.1138893,1907.665044,25.60624666,no,surface (0 m),0,0,0,NA,NA,0,0,0,NA,NA,0,0,0,NA,NA,0,0,0,NA,NA,0,0,0,NA,NA,0,0,0,NA,NA,0,0,0,NA,NA,0,0,0,NA,NA,0,0,0,NA,NA
63,DL-52193-1733-d1-1,52193-1733-d1,A,G08,UDP0063,ATTGCGCGGT,UDP0063,TTGGCTCCGC,0,52193,81-2,5,50,30EtOH,0,2.5,0.46679,0,8/14/19,2019,8,14,81,47.730645,-125.023395,155.82,159,155.82,816.1138893,1907.665044,25.60624666,no,depth (50 m),0,0,0,0,0,0,0,0,0,0,0,0,0,0,0,0,0,0,0,0,0,0,0,0,0,151,0,0,30,0,0,0,0,0,0,0,0,0,0,0,0,0,253,0,0
64,DL-52193-1746-d1-1,52193-1746-d1,A,H08,UDP0064,TGGCGCGAAC,UDP0064,AACTGATACT,0,52193,81-5,sfc,0,,0,2.5,0.15103,0,8/14/19,2019,8,14,81,47.73109333,-125.2471967,782.83,887,782.83,799.1399343,1908.142827,42.3930506,no,surface (0 m),0,0,0,NA,NA,0,0,0,NA,NA,0,0,0,NA,NA,0,0,0,NA,NA,0,0,0,NA,NA,0,0,0,NA,NA,0,0,0,NA,NA,0,0,0,NA,NA,0,0,0,NA,NA
65,DL-52193-1755-d1-1,52193-1755-d1,A,A09,UDP0065,TAATGTGTCT,UDP0065,GTAAGGCATA,0,52193,81-5,9,50,,0,2.5,0.79997,0,8/14/19,2019,8,14,81,47.73109333,-125.2471967,782.83,887,782.83,799.1399343,1908.142827,42.3930506,no,depth (50 m),0,0,0,NA,NA,0,0,0,NA,NA,0,0,0,NA,NA,0,0,0,NA,NA,0,0,0,NA,NA,0,0,0,NA,NA,0,0,0,NA,NA,0,0,0,NA,NA,0,0,0,NA,NA
66,DL-52193-1757-d1-1,52193-1757-d1,A,B09,UDP0066,ATACCAACGC,UDP0066,AATTGCTGCG,0,52193,81-7,sfc,0,30EtOH,0,2.5,0.22451,0,8/14/19,2019,8,14,81,47.7298175,-125.4913525,979.23,1087,979.23,780.6175996,1908.513301,60.70849679,no,surface (0 m),0,0,0,NA,NA,0,0,0,NA,NA,0,0,0,NA,NA,154,0,0,NA,NA,0,0,0,NA,NA,0,0,0,NA,NA,0,0,0,NA,NA,0,0,0,NA,NA,0,0,0,NA,NA
67,DL-52193-1767-d1-1,52193-1767-d1,A,C09,UDP0067,AGGATGTGCT,UDP0067,TTACAATTCC,0,52193,81-7,9,50,30EtOH,0,2.5,1.07383,0,8/14/19,2019,8,14,81,47.7298175,-125.4913525,979.23,1087,979.23,780.6175996,1908.513301,60.70849679,no,depth (50 m),0,0,0,NA,NA,0,0,0,NA,NA,0,0,0,NA,NA,0,0,0,NA,NA,0,0,0,NA,NA,0,0,0,NA,NA,0,0,0,NA,NA,0,0,0,NA,NA,0,0,0,NA,NA
68,DL-52193-1769-d1-1,52193-1769-d1,A,D09,UDP0068,CACGGAACAA,UDP0068,AACCTAGCAC,0,52193,81-9,sfc,0,,0,2.5,0.19547,0,8/14/19,2019,8,14,81,47.73233,-125.742555,1121.42,1181,1121.42,761.5783519,1909.361686,79.54863215,no,surface (0 m),0,0,0,NA,NA,0,0,0,NA,NA,0,0,0,NA,NA,0,0,751,NA,NA,0,0,0,NA,NA,0,0,0,NA,NA,0,0,0,NA,NA,0,0,0,NA,NA,0,0,0,NA,NA
69,DL-52193-1779-d1-1,52193-1779-d1,A,E09,UDP0069,TGGAGTACTT,UDP0069,TCTGTGTGGA,0,52193,81-9,9,50,,0,2.5,1.06485,0,8/14/19,2019,8,14,81,47.73233,-125.742555,1121.42,1181,1121.42,761.5783519,1909.361686,79.54863215,no,depth (50 m),0,0,0,NA,NA,0,0,0,NA,NA,0,0,0,NA,NA,0,0,0,NA,NA,0,0,0,NA,NA,0,0,0,NA,NA,0,0,0,NA,NA,0,0,0,NA,NA,0,0,0,NA,NA
70,DL-52193-1782-d1-1,52193-1782-d1,A,F09,UDP0070,GTATTGACGT,UDP0070,GGAATTCCAA,0,52193,83-10,sfc,0,,0,2.5,0.18715,0,8/15/19,2019,8,15,83,48.06341333,-125.9388133,986.45,1102,986.45,748.1948126,1946.204452,80.48037691,no,surface (0 m),0,0,0,NA,NA,0,0,0,NA,NA,0,0,939,NA,NA,10244,0,31,NA,NA,0,0,0,NA,NA,0,0,0,NA,NA,0,0,0,NA,NA,0,0,0,NA,NA,0,0,0,NA,NA
71,DL-52193-1792-d1-1,52193-1792-d1,A,G09,UDP0071,CTTGTACACC,UDP0071,AAGCGCGCTT,0,52193,83-10,9,50,,0,2.5,1.29388,0,8/15/19,2019,8,15,83,48.06341333,-125.9388133,986.45,1102,986.45,748.1948126,1946.204452,80.48037691,no,depth (50 m),0,0,0,NA,NA,0,0,0,NA,NA,0,0,0,NA,NA,0,0,0,NA,NA,0,0,0,NA,NA,0,0,0,NA,NA,0,0,0,NA,NA,0,0,0,NA,NA,0,0,0,NA,NA
72,DL-52193-1794-d1-1,52193-1794-d1,A,H09,UDP0072,ACACAGGTGG,UDP0072,TGAGCGTTGT,0,52193,83-9,sfc,0,,0,2.5,0.17255,0,8/15/19,2019,8,15,83,48.06358167,-125.8120833,729.86,802,729.86,757.7475335,1945.910606,71.03514851,no,surface (0 m),0,0,0,NA,NA,0,0,0,NA,NA,0,0,0,NA,NA,0,0,0,NA,NA,0,0,0,NA,NA,0,0,0,NA,NA,0,0,0,NA,NA,0,0,0,NA,NA,0,0,0,NA,NA
73,DL-52193-1804-d1-1,52193-1804-d1,A,A10,UDP0073,CCTGCGGAAC,UDP0073,ATCATAGGCT,0,52193,83-9,9,50,,0,2.5,0.27691,0,8/15/19,2019,8,15,83,48.06358167,-125.8120833,729.86,802,729.86,757.7475335,1945.910606,71.03514851,no,depth (50 m),0,0,0,NA,NA,0,0,0,NA,NA,0,0,0,NA,NA,0,0,0,NA,NA,0,0,0,NA,NA,0,0,0,NA,NA,0,0,0,NA,NA,0,0,0,NA,NA,0,0,0,NA,NA
74,DL-52193-1806-d1-1,52193-1806-d1,A,B10,UDP0074,TTCATAAGGT,UDP0074,TGTTAGAAGG,0,52193,83-8,sfc,0,,0,2.5,0.11458,0,8/15/19,2019,8,15,83,48.06278167,-125.6890883,561.17,682,561.17,767.01525,1945.531183,61.86958468,no,surface (0 m),0,0,0,NA,NA,0,0,0,NA,NA,2024,0,1154,NA,NA,149,0,0,NA,NA,0,0,0,NA,NA,0,0,0,NA,NA,0,0,0,NA,NA,0,0,0,NA,NA,0,0,0,NA,NA
75,DL-52193-1816-d1-1,52193-1816-d1,A,C10,UDP0075,CTCTGCAGCG,UDP0075,GATGGATGTA,0,52193,83-8,9,50,,0,2.5,0.98093,0,8/15/19,2019,8,15,83,48.06278167,-125.6890883,561.17,682,561.17,767.01525,1945.531183,61.86958468,no,depth (50 m),0,0,0,0,0,0,0,0,0,0,9323,2727,4590,2986,2536,0,0,0,0,0,621,0,0,162,0,0,0,0,0,0,0,0,0,0,0,0,0,0,0,0,0,0,0,0,0
76,DL-52193-1828-d1-1,52193-1828-d1,A,D10,UDP0076,CTGACTCTAC,UDP0076,ACGGCCGTCA,0,52193,83-6,sfc,0,,0,2.5,0.67783,0,8/15/19,2019,8,15,83,48.06433667,-125.510255,151.34,146,151.34,780.5026832,1945.298311,48.53937778,no,surface (0 m),0,0,0,NA,NA,0,0,0,NA,NA,0,0,0,NA,NA,0,0,0,NA,NA,0,0,0,NA,NA,0,0,0,NA,NA,0,0,0,NA,NA,0,0,0,NA,NA,0,0,0,NA,NA
77,DL-52193-1828-d5-1,52193-1828-d5,A,E10,UDP0077,TCTGGTATCC,UDP0077,CGTTGCTTAC,0,52193,83-6,sfc,0,,0,2.5,0.67783,0,8/15/19,2019,8,15,83,48.06433667,-125.510255,151.34,146,151.34,780.5026832,1945.298311,48.53937778,no,surface (0 m),0,0,0,NA,NA,0,0,0,NA,NA,0,0,0,NA,NA,0,0,0,NA,NA,0,0,0,NA,NA,0,0,0,NA,NA,1688,0,0,NA,NA,0,0,0,NA,NA,0,0,0,NA,NA
78,DL-52193-1834-d1-1,52193-1834-d1,A,F10,UDP0078,CATTAGTGCG,UDP0078,TGACTACATA,0,52193,83-6,5,50,,0,2.5,0.22631,0,8/15/19,2019,8,15,83,48.06433667,-125.510255,151.34,146,151.34,780.5026832,1945.298311,48.53937778,no,depth (50 m),0,0,0,NA,NA,0,0,0,NA,NA,0,0,0,NA,NA,0,0,0,NA,NA,0,0,0,NA,NA,0,0,0,NA,NA,0,0,0,NA,NA,0,0,0,NA,NA,0,0,0,NA,NA
79,DL-52193-1836-d5-1,52193-1836-d5,A,H10,UDP0080,GGCAAGCCAG,UDP0080,CAAGCATCCG,0,52193,83-5,sfc,0,,0,2.5,3.34574,0,8/15/19,2019,8,15,83,48.064755,-125.3869283,137.33,134,137.33,789.8016409,1945.07992,39.34756405,no,surface (0 m),0,0,0,NA,NA,0,0,0,NA,NA,0,0,0,NA,NA,0,0,0,NA,NA,0,0,0,NA,NA,0,0,0,NA,NA,0,0,0,NA,NA,0,0,0,NA,NA,0,0,0,NA,NA
80,DL-52193-1836-d1-1,52193-1836-d1,A,G10,UDP0079,ACGGTCAGGA,UDP0079,CGGCCTCGTT,0,52193,83-5,sfc,0,,0,2.5,3.34574,0,8/15/19,2019,8,15,83,48.064755,-125.3869283,137.33,134,137.33,789.8016409,1945.07992,39.34756405,no,surface (0 m),0,0,0,NA,NA,0,0,0,NA,NA,0,0,0,NA,NA,0,0,0,NA,NA,0,0,0,NA,NA,0,0,0,NA,NA,0,0,0,NA,NA,0,0,0,NA,NA,0,0,0,NA,NA
81,DL-52193-1840-d1-1,52193-1840-d1,A,A11,UDP0081,TGTCGCTGGT,UDP0081,TCGTCTGACT,0,52193,83-5,3,50,,0,2.5,0.19254,0,8/15/19,2019,8,15,83,48.064755,-125.3869283,137.33,134,137.33,789.8016409,1945.07992,39.34756405,no,depth (50 m),0,0,0,NA,NA,0,0,0,NA,NA,0,0,0,NA,NA,0,0,0,NA,NA,0,0,0,NA,NA,1610,491,1326,NA,NA,2009,0,0,NA,NA,0,1687,0,NA,NA,0,0,0,NA,NA
82,DL-52193-1843-d5-1,52193-1843-d5,A,C11,UDP0083,TATGCCTTAC,UDP0083,AGACACATTA,0,52193,85-15,sfc,0,,0,2.5,0.16741,0,8/16/19,2019,8,16,85,48.39307167,-126.429775,1244.56,1276,1244.56,712.9152007,1983.715017,122.427615,no,surface (0 m),0,0,0,NA,NA,0,0,0,NA,NA,0,0,0,NA,NA,0,11044,0,NA,NA,0,0,0,NA,NA,0,0,0,NA,NA,0,0,0,NA,NA,0,0,0,NA,NA,0,0,0,NA,NA
83,DL-52193-1843-d1-1,52193-1843-d1,A,B11,UDP0082,ACCGTTACAA,UDP0082,CTCATAGCGA,0,52193,85-15,sfc,0,,0,2.5,0.16741,0,8/16/19,2019,8,16,85,48.39307167,-126.429775,1244.56,1276,1244.56,712.9152007,1983.715017,122.427615,no,surface (0 m),0,0,0,NA,NA,0,0,0,NA,NA,0,0,0,NA,NA,0,0,0,NA,NA,0,0,0,NA,NA,0,0,0,NA,NA,0,0,0,NA,NA,0,0,0,NA,NA,0,0,0,NA,NA
84,DL-52193-1853-d1-1,52193-1853-d1,A,D11,UDP0084,ACAAGTGGAC,UDP0084,GCGCGATGTT,0,52193,85-15,9,50,,0,2.5,1.96401,0,8/16/19,2019,8,16,85,48.39307167,-126.429775,1244.56,1276,1244.56,712.9152007,1983.715017,122.427615,no,depth (50 m),0,0,0,NA,NA,0,0,0,NA,NA,0,0,0,NA,NA,0,0,0,NA,NA,0,0,0,NA,NA,0,0,0,NA,NA,0,0,0,NA,NA,0,0,0,NA,NA,0,0,0,NA,NA
85,DL-52193-1867-d1-1,52193-1867-d1,A,E11,UDP0085,TGGTACCTAA,UDP0085,CATGAGTACT,0,52193,85-13,sfc,0,,0,2.5,0.14536,0,8/16/19,2019,8,16,85,48.39653,-126.241015,940.01,1024,940.01,727.0711538,1983.566039,108.4450454,no,surface (0 m),0,0,0,NA,NA,0,0,0,NA,NA,0,0,0,NA,NA,8396,0,117,NA,NA,0,0,0,NA,NA,0,0,0,NA,NA,0,0,0,NA,NA,0,0,0,NA,NA,0,0,0,NA,NA
86,DL-52193-1867-d5-1,52193-1867-d5,A,F11,UDP0086,TTGGAATTCC,UDP0086,ACGTCAATAC,0,52193,85-13,sfc,0,,0,2.5,0.14536,0,8/16/19,2019,8,16,85,48.39653,-126.241015,940.01,1024,940.01,727.0711538,1983.566039,108.4450454,no,surface (0 m),0,0,0,NA,NA,0,0,0,NA,NA,0,0,135,NA,NA,0,0,349,NA,NA,0,0,0,NA,NA,0,0,0,NA,NA,0,0,0,NA,NA,0,0,0,NA,NA,0,0,0,NA,NA
87,DL-52193-1877-d1-1,52193-1877-d1,A,G11,UDP0087,CCTCTACATG,UDP0087,GATACCTCCT,0,52193,85-13,9,50,,0,2.5,1.73281,0,8/16/19,2019,8,16,85,48.39653,-126.241015,940.01,1024,940.01,727.0711538,1983.566039,108.4450454,no,depth (50 m),0,0,0,NA,NA,0,0,0,NA,NA,0,0,0,NA,NA,0,0,0,NA,NA,0,0,0,NA,NA,0,0,0,NA,NA,0,0,0,NA,NA,0,0,0,NA,NA,0,0,0,NA,NA
88,DL-52193-1879-d5-1,52193-1879-d5,A,A12,UDP0089,GTCCGTAAGC,UDP0089,CGTGTATCTT,0,52193,85-11,sfc,0,,0,2.5,0.15068,0,8/16/19,2019,8,16,85,48.39527833,-125.97962,335.97,427,335.97,746.6462372,1982.740857,89.0913566,no,surface (0 m),0,0,0,NA,NA,0,0,0,NA,NA,0,0,0,NA,NA,0,0,0,NA,NA,0,0,0,NA,NA,0,0,0,NA,NA,0,0,0,NA,NA,0,0,0,NA,NA,0,0,0,NA,NA
89,DL-52193-1879-d1-1,52193-1879-d1,A,H11,UDP0088,GGAGCGTGTA,UDP0088,ATCCGTAAGT,0,52193,85-11,sfc,0,,0,2.5,0.15068,0,8/16/19,2019,8,16,85,48.39527833,-125.97962,335.97,427,335.97,746.6462372,1982.740857,89.0913566,no,surface (0 m),0,0,0,NA,NA,0,0,0,NA,NA,0,0,0,NA,NA,0,0,0,NA,NA,0,0,0,NA,NA,0,0,0,NA,NA,0,0,0,NA,NA,0,0,0,NA,NA,0,0,0,NA,NA
90,DL-52193-1887-d1-1,52193-1887-d1,A,B12,UDP0090,ACTTCAAGCG,UDP0090,GAACCATGAA,0,52193,85-11,9,50,,0,2.5,1.31128,0,8/16/19,2019,8,16,85,48.39527833,-125.97962,335.97,427,335.97,746.6462372,1982.740857,89.0913566,no,depth (50 m),0,0,0,NA,NA,0,0,0,NA,NA,0,0,0,NA,NA,0,0,0,NA,NA,0,0,0,NA,NA,0,0,0,NA,NA,0,0,0,NA,NA,0,0,0,NA,NA,0,0,0,NA,NA
91,DL-52193-1892-d1-1,52193-1892-d1,A,C12,UDP0091,TCAGAAGGCG,UDP0091,GGCCATCATA,0,52193,85-1,3,50,,0,2.5,0.05956,0,8/17/19,2019,8,17,85,48.39881333,-124.7782483,147.87,105,147.87,836.6868313,1980.626398,0.14125289,no,depth (50 m),0,0,0,NA,NA,0,0,0,NA,NA,0,0,0,NA,NA,0,0,0,NA,NA,0,0,0,NA,NA,0,0,0,NA,NA,0,0,0,NA,NA,0,0,0,NA,NA,0,0,0,NA,NA
92,DL-52193-1898-d1-1,52193-1898-d1,A,D12,UDP0092,GCGTTGGTAT,UDP0092,ACATACTTCC,0,52193,85-3,5,50,,0,2.5,0.06334,0,8/17/19,2019,8,17,85,48.39836833,-124.9558333,257.55,116,257.55,823.3750813,1980.879318,13.27917812,no,depth (50 m),0,0,0,NA,NA,0,0,0,NA,NA,0,0,0,NA,NA,0,0,0,NA,NA,0,0,0,NA,NA,0,0,0,NA,NA,0,0,0,NA,NA,0,0,0,NA,NA,0,0,0,NA,NA
93,DL-52193-1904-d1-1,52193-1904-d1,A,E12,UDP0093,ACATATCCAG,UDP0093,TATGTGCAAT,0,52193,85-5,5,50,,0,2.5,0.04415,0,8/17/19,2019,8,17,85,48.39733333,-125.2029233,177.24,183,177.24,804.8530016,1981.224908,31.57641037,no,depth (50 m),0,0,0,0,0,0,0,0,0,0,0,0,0,0,0,0,0,0,0,0,0,0,0,0,0,1383,0,0,414,0,0,0,0,0,0,0,0,0,0,0,0,971,0,0,768
94,DL-52193-1908-d1-1,52193-1908-d1,A,F12,UDP0094,TCATAGATTG,UDP0094,GATTAAGGTG,0,52193,85-8,3,50,,0,2.5,0.58939,0,8/17/19,2019,8,17,85,48.39460833,-125.5780417,134.57,136,134.57,776.7317242,1981.710414,59.35647277,no,depth (50 m),0,0,0,NA,NA,0,0,0,NA,NA,0,0,0,NA,NA,0,0,0,NA,NA,0,0,0,NA,NA,0,0,0,NA,NA,0,0,0,NA,NA,0,0,0,NA,NA,0,0,0,NA,NA